sim_size,B,epsilon_1,delta_1,epsilon_2,delta_2,k,avg_priv_10_risk,sd_priv_10_risk,avg_priv_33_risk,sd_priv_33_risk,avg_priv_50_risk,sd_priv_50_risk,avg_priv_67_risk,sd_priv_67_risk,avg_priv_100_risk,sd_priv_100_risk
5,0.05,3,0.00015,0.9999,8e-05,10000,0.0,0.0,0.0,0.0,4.7607712449416804e-05,9.521542489883361e-05,0.000238038562247084,2.710505431213761e-20,0.000238038562247084,2.710505431213761e-20
5,0.25,3,0.00015,0.9999,8e-05,10000,0.0,0.0,0.0,0.0,0.0,0.0,0.000238038562247084,2.710505431213761e-20,0.000238038562247084,2.710505431213761e-20
5,0.5,3,0.00015,0.9999,8e-05,10000,0.0,0.0,4.7607712449416804e-05,9.521542489883361e-05,4.7607712449416804e-05,9.521542489883361e-05,0.000238038562247084,2.710505431213761e-20,0.000238038562247084,2.710505431213761e-20
5,1.0,3,0.00015,0.9999,8e-05,10000,0.0,0.0,0.0,0.0,9.521542489883361e-05,0.00011661460332221748,0.000238038562247084,2.710505431213761e-20,0.000238038562247084,2.710505431213761e-20
5,2.0,3,0.00015,0.9999,8e-05,10000,0.0,0.0,0.0,0.0,4.7607712449416804e-05,9.521542489883361e-05,0.000238038562247084,2.710505431213761e-20,0.000238038562247084,2.710505431213761e-20
